mask_areas , submitted
mask_areas , finished
tseries_subject1_session1_motor , submitted
tseries_subject1_session1_motor , finished
tseries_subject2_session1_motor , submitted
tseries_subject2_session1_motor , finished
neighbourhood_areas , submitted
neighbourhood_areas , finished
region_growing_area_2001 , submitted
region_growing_area_2001 , finished
region_growing_area_2002 , submitted
region_growing_area_2002 , finished
region_growing_area_2101 , submitted
region_growing_area_2101 , finished
region_growing_area_2102 , submitted
region_growing_area_2102 , finished
region_growing_area_2111 , submitted
region_growing_area_2111 , finished
region_growing_area_2112 , submitted
region_growing_area_2112 , finished
region_growing_area_2201 , submitted
region_growing_area_2201 , finished
region_growing_area_2202 , submitted
region_growing_area_2202 , finished
region_growing_area_2211 , submitted
region_growing_area_2211 , finished
region_growing_area_2212 , submitted
region_growing_area_2212 , finished
region_growing_area_2301 , submitted
region_growing_area_2301 , finished
region_growing_area_2302 , submitted
region_growing_area_2302 , finished
region_growing_area_2311 , submitted
region_growing_area_2311 , finished
region_growing_area_2312 , submitted
region_growing_area_2312 , finished
region_growing_area_2321 , submitted
region_growing_area_2321 , finished
region_growing_area_2322 , submitted
region_growing_area_2322 , finished
region_growing_area_2331 , submitted
region_growing_area_2331 , finished
region_growing_area_2332 , submitted
region_growing_area_2332 , finished
region_growing_area_2401 , submitted
region_growing_area_2401 , finished
region_growing_area_2402 , submitted
region_growing_area_2402 , finished
region_growing_area_2501 , submitted
region_growing_area_2501 , finished
region_growing_area_2502 , submitted
region_growing_area_2502 , finished
region_growing_area_2601 , submitted
region_growing_area_2601 , finished
region_growing_area_2602 , submitted
region_growing_area_2602 , finished
region_growing_area_2611 , submitted
region_growing_area_2611 , finished
region_growing_area_2612 , submitted
region_growing_area_2612 , finished
region_growing_area_2701 , submitted
region_growing_area_2701 , finished
region_growing_area_2702 , submitted
region_growing_area_2702 , finished
region_growing_area_3001 , submitted
region_growing_area_3001 , finished
region_growing_area_3002 , submitted
region_growing_area_3002 , finished
region_growing_area_4001 , submitted
region_growing_area_4001 , finished
region_growing_area_4002 , submitted
region_growing_area_4002 , finished
region_growing_area_4011 , submitted
region_growing_area_4011 , finished
region_growing_area_4012 , submitted
region_growing_area_4012 , finished
region_growing_area_4021 , submitted
region_growing_area_4021 , finished
region_growing_area_4022 , submitted
region_growing_area_4022 , finished
region_growing_area_4101 , submitted
region_growing_area_4101 , finished
region_growing_area_4102 , submitted
region_growing_area_4102 , finished
region_growing_area_4111 , submitted
region_growing_area_4111 , finished
region_growing_area_4112 , submitted
region_growing_area_4112 , finished
region_growing_area_4201 , submitted
region_growing_area_4201 , finished
region_growing_area_4202 , submitted
region_growing_area_4202 , finished
region_growing_area_5001 , submitted
region_growing_area_5001 , finished
region_growing_area_5002 , submitted
region_growing_area_5002 , finished
region_growing_area_5011 , submitted
region_growing_area_5011 , finished
region_growing_area_5012 , submitted
region_growing_area_5012 , finished
region_growing_area_5021 , submitted
region_growing_area_5021 , finished
region_growing_area_5022 , submitted
region_growing_area_5022 , finished
region_growing_area_5101 , submitted
region_growing_area_5101 , finished
region_growing_area_5102 , submitted
region_growing_area_5102 , finished
region_growing_area_5201 , submitted
region_growing_area_5201 , finished
region_growing_area_5202 , submitted
region_growing_area_5202 , finished
region_growing_area_5301 , submitted
region_growing_area_5301 , finished
region_growing_area_5302 , submitted
region_growing_area_5302 , finished
region_growing_area_5401 , submitted
region_growing_area_5401 , finished
region_growing_area_5402 , submitted
region_growing_area_5402 , finished
region_growing_area_6001 , submitted
region_growing_area_6001 , finished
region_growing_area_6002 , submitted
region_growing_area_6002 , finished
region_growing_area_6101 , submitted
region_growing_area_6101 , finished
region_growing_area_6102 , submitted
region_growing_area_6102 , finished
region_growing_area_6201 , submitted
region_growing_area_6201 , finished
region_growing_area_6202 , submitted
region_growing_area_6202 , finished
region_growing_area_6211 , submitted
region_growing_area_6211 , finished
region_growing_area_6212 , submitted
region_growing_area_6212 , finished
region_growing_area_6221 , submitted
region_growing_area_6221 , finished
region_growing_area_6222 , submitted
region_growing_area_6222 , finished
region_growing_area_6301 , submitted
region_growing_area_6301 , finished
region_growing_area_6302 , submitted
region_growing_area_6302 , finished
region_growing_area_6401 , submitted
region_growing_area_6401 , finished
region_growing_area_6402 , submitted
region_growing_area_6402 , finished
region_growing_area_7001 , submitted
region_growing_area_7001 , finished
region_growing_area_7002 , submitted
region_growing_area_7002 , finished
region_growing_area_7011 , submitted
region_growing_area_7011 , finished
region_growing_area_7012 , submitted
region_growing_area_7012 , finished
region_growing_area_7021 , submitted
region_growing_area_7021 , finished
region_growing_area_7022 , submitted
region_growing_area_7022 , finished
region_growing_area_7101 , submitted
region_growing_area_7101 , finished
region_growing_area_7102 , submitted
region_growing_area_7102 , finished
region_growing_area_8101 , submitted
region_growing_area_8101 , finished
region_growing_area_8102 , submitted
region_growing_area_8102 , finished
region_growing_area_8111 , submitted
region_growing_area_8111 , finished
region_growing_area_8112 , submitted
region_growing_area_8112 , finished
region_growing_area_8121 , submitted
region_growing_area_8121 , finished
region_growing_area_8122 , submitted
region_growing_area_8122 , finished
region_growing_area_8201 , submitted
region_growing_area_8201 , finished
region_growing_area_8202 , submitted
region_growing_area_8202 , finished
region_growing_area_8211 , submitted
region_growing_area_8211 , finished
region_growing_area_8212 , submitted
region_growing_area_8212 , finished
region_growing_area_8301 , submitted
region_growing_area_8301 , finished
region_growing_area_8302 , submitted
region_growing_area_8302 , finished
region_growing_area_9001 , submitted
region_growing_area_9001 , finished
region_growing_area_9002 , submitted
region_growing_area_9002 , finished
region_growing_area_9011 , submitted
region_growing_area_9011 , finished
region_growing_area_9012 , submitted
region_growing_area_9012 , finished
region_growing_area_9021 , submitted
region_growing_area_9021 , finished
region_growing_area_9022 , submitted
region_growing_area_9022 , finished
region_growing_area_9031 , submitted
region_growing_area_9031 , finished
region_growing_area_9032 , submitted
region_growing_area_9032 , finished
region_growing_area_9041 , submitted
region_growing_area_9041 , finished
region_growing_area_9042 , submitted
region_growing_area_9042 , finished
region_growing_area_9051 , submitted
region_growing_area_9051 , finished
region_growing_area_9052 , submitted
region_growing_area_9052 , finished
region_growing_area_9061 , submitted
region_growing_area_9061 , finished
region_growing_area_9062 , submitted
region_growing_area_9062 , finished
region_growing_area_9071 , submitted
region_growing_area_9071 , finished
region_growing_area_9072 , submitted
region_growing_area_9072 , finished
region_growing_area_9081 , submitted
region_growing_area_9081 , finished
region_growing_area_9082 , submitted
region_growing_area_9082 , finished
region_growing_area_9100 , submitted
region_growing_area_9100 , finished
region_growing_area_9110 , submitted
region_growing_area_9110 , finished
region_growing_area_9120 , submitted
region_growing_area_9120 , finished
region_growing_area_9130 , submitted
region_growing_area_9130 , finished
region_growing_area_9140 , submitted
region_growing_area_9140 , finished
region_growing_area_9150 , submitted
region_growing_area_9150 , finished
region_growing_area_9160 , submitted
region_growing_area_9160 , finished
region_growing_area_9170 , submitted
region_growing_area_9170 , finished
merge_part , submitted
merge_part , finished
