mask_rois , submitted
mask_rois , finished
connectome_subject1 , submitted
connectome_subject1 , finished
connectome_subject2 , submitted
connectome_subject2 , finished
graph_prop_rois_subject1 , submitted
graph_prop_rois_subject1 , finished
graph_prop_rois_subject2 , submitted
graph_prop_rois_subject2 , finished
summary_graph_prop_rois , submitted
summary_graph_prop_rois , finished
rmap_seeds_subject1 , submitted
rmap_seeds_subject1 , finished
rmap_seeds_subject2 , submitted
rmap_seeds_subject2 , finished
average_rmap_PCC , submitted
average_rmap_PCC , finished
average_rmap_aMPFC , submitted
average_rmap_aMPFC , finished
average_rmap_MTL , submitted
average_rmap_MTL , finished
average_rmap_FUS , submitted
average_rmap_FUS , finished
average_rmap_PCUNm , submitted
average_rmap_PCUNm , finished
average_rmap_dMPFC3 , submitted
average_rmap_dMPFC3 , finished
