build_test_data , submitted
build_test_data , finished
networks_network4 , submitted
networks_network4 , finished
networks_network16 , submitted
networks_network16 , finished
connectome_subject1 , submitted
connectome_subject1 , finished
connectome_subject2 , submitted
connectome_subject2 , finished
connectome_subject3 , submitted
connectome_subject3 , finished
connectome_subject4 , submitted
connectome_subject4 , finished
network4_glm_avg_corr_all , submitted
network4_glm_avg_corr_all , finished
network4_glm_avg_corr_young , submitted
network4_glm_avg_corr_young , finished
network4_glm_corr_vs_age , submitted
network4_glm_corr_vs_age , finished
network16_glm_avg_corr_all , submitted
network16_glm_avg_corr_all , finished
network16_glm_avg_corr_young , submitted
network16_glm_avg_corr_young , finished
network16_glm_corr_vs_age , submitted
network16_glm_corr_vs_age , finished
permutation_avg_corr_all_batch_1 , submitted
permutation_avg_corr_all_batch_1 , finished
permutation_avg_corr_young_batch_1 , submitted
permutation_avg_corr_young_batch_1 , finished
permutation_corr_vs_age_batch_1 , submitted
permutation_corr_vs_age_batch_1 , finished
permutation_avg_corr_all_batch_2 , submitted
permutation_avg_corr_all_batch_2 , finished
permutation_avg_corr_young_batch_2 , submitted
permutation_avg_corr_young_batch_2 , finished
permutation_corr_vs_age_batch_2 , submitted
permutation_corr_vs_age_batch_2 , finished
summary_findings , submitted
summary_findings , finished
check_test_correlation , submitted
check_test_correlation , finished
